{"HalfedgeAttributes":[],"Halfedges":[[9,1,1],[0,3,0],[3,8,0],[1,2,2],[8,5,4],[4,6,3],[5,7,5],[6,9,3],[2,4,3],[7,0,0]],"VertexAttributes":[[-1.4172486066818237,-2.505094528198242,1.6677651405334473,1.0,0.0,0.0],[-1.9050171375274658,-9.066020011901855,1.6677651405334473,1.0,0.0,0.0],[-8.563299179077148,-3.75512957572937,1.6677651405334473,1.0,0.0,0.0],[2.050712823867798,3.0390446186065674,-1.6609046459197998,1.0,0.0,0.0],[1.9918650388717651,8.430529594421387,-1.6609046459197998,1.0,0.0,0.0],[11.800662994384766,3.1454648971557617,-1.6609046459197998,1.0,0.0,0.0]],"Vertices":[8,1,2,9,5,7]}